<ImportExportXml version="9.1.0.23470" SolutionPackageVersion="9.1" languagecode="1033" generatedBy="CrmLive" xmlns:xsi="http://www.w3.org/2001/XMLSchema-instance">
  <SolutionManifest>
    <UniqueName>Blockchain_for_Dynamics</UniqueName>
    <LocalizedNames>
      <LocalizedName description="Blockchain for Dynamics 365" languagecode="1033" />
    </LocalizedNames>
    <Descriptions />
    <Version>1.0.0.0</Version>
    <Managed>1</Managed>
    <Publisher>
      <UniqueName>blocks365</UniqueName>
      <LocalizedNames>
        <LocalizedName description="Blocks 365" languagecode="1033" />
      </LocalizedNames>
      <Descriptions />
      <EMailAddress>info@blocks365.com</EMailAddress>
      <SupportingWebsiteUrl>http://www.blocks365.com</SupportingWebsiteUrl>
      <CustomizationPrefix>b365</CustomizationPrefix>
      <CustomizationOptionValuePrefix>60000</CustomizationOptionValuePrefix>
      <Addresses>
        <Address>
          <AddressNumber>1</AddressNumber>
          <AddressTypeCode>1</AddressTypeCode>
          <City>Almere</City>
          <County xsi:nil="true"></County>
          <Country>Almere, Netherlands</Country>
          <Fax xsi:nil="true"></Fax>
          <FreightTermsCode xsi:nil="true"></FreightTermsCode>
          <ImportSequenceNumber xsi:nil="true"></ImportSequenceNumber>
          <Latitude xsi:nil="true"></Latitude>
          <Line1>Wisselweg 33</Line1>
          <Line2 xsi:nil="true"></Line2>
          <Line3 xsi:nil="true"></Line3>
          <Longitude xsi:nil="true"></Longitude>
          <Name xsi:nil="true"></Name>
          <PostalCode>1314CB</PostalCode>
          <PostOfficeBox xsi:nil="true"></PostOfficeBox>
          <PrimaryContactName xsi:nil="true"></PrimaryContactName>
          <ShippingMethodCode>1</ShippingMethodCode>
          <StateOrProvince>FL</StateOrProvince>
          <Telephone1>+31 654994008</Telephone1>
          <Telephone2 xsi:nil="true"></Telephone2>
          <Telephone3 xsi:nil="true"></Telephone3>
          <TimeZoneRuleVersionNumber xsi:nil="true"></TimeZoneRuleVersionNumber>
          <UPSZone xsi:nil="true"></UPSZone>
          <UTCOffset xsi:nil="true"></UTCOffset>
          <UTCConversionTimeZoneCode xsi:nil="true"></UTCConversionTimeZoneCode>
        </Address>
        <Address>
          <AddressNumber>2</AddressNumber>
          <AddressTypeCode>1</AddressTypeCode>
          <City xsi:nil="true"></City>
          <County xsi:nil="true"></County>
          <Country xsi:nil="true"></Country>
          <Fax xsi:nil="true"></Fax>
          <FreightTermsCode xsi:nil="true"></FreightTermsCode>
          <ImportSequenceNumber xsi:nil="true"></ImportSequenceNumber>
          <Latitude xsi:nil="true"></Latitude>
          <Line1 xsi:nil="true"></Line1>
          <Line2 xsi:nil="true"></Line2>
          <Line3 xsi:nil="true"></Line3>
          <Longitude xsi:nil="true"></Longitude>
          <Name xsi:nil="true"></Name>
          <PostalCode xsi:nil="true"></PostalCode>
          <PostOfficeBox xsi:nil="true"></PostOfficeBox>
          <PrimaryContactName xsi:nil="true"></PrimaryContactName>
          <ShippingMethodCode>1</ShippingMethodCode>
          <StateOrProvince xsi:nil="true"></StateOrProvince>
          <Telephone1 xsi:nil="true"></Telephone1>
          <Telephone2 xsi:nil="true"></Telephone2>
          <Telephone3 xsi:nil="true"></Telephone3>
          <TimeZoneRuleVersionNumber xsi:nil="true"></TimeZoneRuleVersionNumber>
          <UPSZone xsi:nil="true"></UPSZone>
          <UTCOffset xsi:nil="true"></UTCOffset>
          <UTCConversionTimeZoneCode xsi:nil="true"></UTCConversionTimeZoneCode>
        </Address>
      </Addresses>
    </Publisher>
    <RootComponents>
      <RootComponent type="1" schemaName="b365_custodial_wallet" behavior="0" />
      <RootComponent type="1" schemaName="b365_erc1155_assettoken" behavior="0" />
      <RootComponent type="60" id="{5cd86ccd-f846-4a72-8e61-5d14899dffa3}" behavior="0" />
      <RootComponent type="60" id="{6c34be51-4b8c-41ab-a47c-5d80752c50fa}" behavior="0" />
      <RootComponent type="61" schemaName="b365_asset_token_default_values" behavior="0" />
      <RootComponent type="61" schemaName="b365_blocks365_16x16_svg" behavior="0" />
      <RootComponent type="61" schemaName="b365_blocks365_32x32_svg" behavior="0" />
      <RootComponent type="61" schemaName="b365_wallet_default_values" behavior="0" />
      <RootComponent type="91" id="{5f5f53a8-980c-40f0-a408-3a1d0382f5ff}" schemaName="Blocks365.Dynamcis365.Tokenization.Plugins, Version=1.0.0.0, Culture=neutral, PublicKeyToken=0fbf107bc3798ea0" behavior="0" />
      <RootComponent type="92" id="{1fbeb0bc-b50b-eb11-a813-000d3ab852db}" behavior="0" />
      <RootComponent type="92" id="{aadb19c6-b40b-eb11-a813-000d3ab852db}" behavior="0" />
      <RootComponent type="92" id="{cea5a1e7-b40b-eb11-a813-000d3ab852db}" behavior="0" />
      <RootComponent type="92" id="{e859ff91-b50b-eb11-a813-000d3ab1967a}" behavior="0" />
    </RootComponents>
    <MissingDependencies />
  </SolutionManifest>
</ImportExportXml>